{"frames": {

"crouch1.png":
{
	"frame": {"x":139,"y":0,"w":44,"h":82},
	"rotated": false,
	"trimmed": false,
	"spriteSourceSize": {"x":0,"y":0,"w":44,"h":82},
	"sourceSize": {"w":44,"h":82}
},
"crouch2.png":
{
	"frame": {"x":183,"y":0,"w":45,"h":82},
	"rotated": false,
	"trimmed": false,
	"spriteSourceSize": {"x":0,"y":0,"w":45,"h":82},
	"sourceSize": {"w":45,"h":82}
},
"idle1.png":
{
	"frame": {"x":175,"y":82,"w":48,"h":82},
	"rotated": false,
	"trimmed": false,
	"spriteSourceSize": {"x":0,"y":0,"w":48,"h":82},
	"sourceSize": {"w":48,"h":82}
},
"idle2.png":
{
	"frame": {"x":80,"y":82,"w":47,"h":82},
	"rotated": false,
	"trimmed": false,
	"spriteSourceSize": {"x":0,"y":0,"w":47,"h":82},
	"sourceSize": {"w":47,"h":82}
},
"idle3.png":
{
	"frame": {"x":127,"y":82,"w":48,"h":82},
	"rotated": false,
	"trimmed": false,
	"spriteSourceSize": {"x":0,"y":0,"w":48,"h":82},
	"sourceSize": {"w":48,"h":82}
},
"jump1.png":
{
	"frame": {"x":95,"y":0,"w":44,"h":59},
	"rotated": false,
	"trimmed": false,
	"spriteSourceSize": {"x":0,"y":0,"w":44,"h":59},
	"sourceSize": {"w":44,"h":59}
},
"jump2.png":
{
	"frame": {"x":40,"y":82,"w":40,"h":95},
	"rotated": false,
	"trimmed": false,
	"spriteSourceSize": {"x":0,"y":0,"w":40,"h":95},
	"sourceSize": {"w":40,"h":95}
},
"jump3.png":
{
	"frame": {"x":31,"y":0,"w":32,"h":80},
	"rotated": false,
	"trimmed": false,
	"spriteSourceSize": {"x":0,"y":0,"w":32,"h":80},
	"sourceSize": {"w":32,"h":80}
},
"jump4.png":
{
	"frame": {"x":0,"y":0,"w":31,"h":58},
	"rotated": false,
	"trimmed": false,
	"spriteSourceSize": {"x":0,"y":0,"w":31,"h":58},
	"sourceSize": {"w":31,"h":58}
},
"jump5.png":
{
	"frame": {"x":63,"y":0,"w":32,"h":80},
	"rotated": false,
	"trimmed": false,
	"spriteSourceSize": {"x":0,"y":0,"w":32,"h":80},
	"sourceSize": {"w":32,"h":80}
},
"jump6.png":
{
	"frame": {"x":0,"y":82,"w":40,"h":94},
	"rotated": false,
	"trimmed": false,
	"spriteSourceSize": {"x":0,"y":0,"w":40,"h":94},
	"sourceSize": {"w":40,"h":94}
},
"light-punch1.png":
{
	"frame": {"x":102,"y":261,"w":54,"h":82},
	"rotated": false,
	"trimmed": false,
	"spriteSourceSize": {"x":0,"y":0,"w":54,"h":82},
	"sourceSize": {"w":54,"h":82}
},
"light-punch2.png":
{
	"frame": {"x":156,"y":261,"w":67,"h":82},
	"rotated": false,
	"trimmed": false,
	"spriteSourceSize": {"x":0,"y":0,"w":67,"h":82},
	"sourceSize": {"w":67,"h":82}
},
"light-punch3.png":
{
	"frame": {"x":48,"y":261,"w":54,"h":82},
	"rotated": false,
	"trimmed": false,
	"spriteSourceSize": {"x":0,"y":0,"w":54,"h":82},
	"sourceSize": {"w":54,"h":82}
},
"walking1.png":
{
	"frame": {"x":141,"y":177,"w":47,"h":84},
	"rotated": false,
	"trimmed": false,
	"spriteSourceSize": {"x":0,"y":0,"w":47,"h":84},
	"sourceSize": {"w":47,"h":84}
},
"walking2.png":
{
	"frame": {"x":0,"y":177,"w":47,"h":84},
	"rotated": false,
	"trimmed": false,
	"spriteSourceSize": {"x":0,"y":0,"w":47,"h":84},
	"sourceSize": {"w":47,"h":84}
},
"walking3.png":
{
	"frame": {"x":47,"y":177,"w":47,"h":84},
	"rotated": false,
	"trimmed": false,
	"spriteSourceSize": {"x":0,"y":0,"w":47,"h":84},
	"sourceSize": {"w":47,"h":84}
},
"walking4.png":
{
	"frame": {"x":94,"y":177,"w":47,"h":84},
	"rotated": false,
	"trimmed": false,
	"spriteSourceSize": {"x":0,"y":0,"w":47,"h":84},
	"sourceSize": {"w":47,"h":84}
},
"walking5.png":
{
	"frame": {"x":0,"y":261,"w":48,"h":84},
	"rotated": false,
	"trimmed": false,
	"spriteSourceSize": {"x":0,"y":0,"w":48,"h":84},
	"sourceSize": {"w":48,"h":84}
}},
"meta": {
	"app": "https://www.codeandweb.com/texturepacker",
	"version": "1.0",
	"image": "atlas.png",
	"format": "RGBA8888",
	"size": {"w":228,"h":345},
	"scale": "1",
	"smartupdate": "$TexturePacker:SmartUpdate:41195a505c834dd65546e3c70d3afa48:050e10e3ae5a5ea86c94e05279a6d969:cbce6b53f0f49e0bf15173c25c41f876$"
}
}
